filename,population,parentPopulation,channel,reagent,Individual,Stimulation,Treatment,median
PTB_HV01_CHT_GMCSF.fcs,Bcells,MononuclearCells,Sm149Di,149Sm_pCREB,HV01,GMCSF,CHT,5.725123405456543
PTB_HV01_CHT_GMCSF.fcs,Bcells,MononuclearCells,Nd150Di,150Nd_pSTAT5,HV01,GMCSF,CHT,0.7945989966392517
PTB_HV01_CHT_GMCSF.fcs,Bcells,MononuclearCells,Eu151Di,151Eu_pP38,HV01,GMCSF,CHT,7.082364082336426
PTB_HV01_CHT_GMCSF.fcs,Bcells,MononuclearCells,Sm152Di,152Sm_PD1,HV01,GMCSF,CHT,0.15625371038913727
PTB_HV01_CHT_GMCSF.fcs,Bcells,MononuclearCells,Eu153Di,153Eu_pSTAT1,HV01,GMCSF,CHT,0
PTB_HV01_CHT_GMCSF.fcs,Bcells,MononuclearCells,Sm154Di,154Sm_pSTAT3,HV01,GMCSF,CHT,0.7591062188148499
PTB_HV01_CHT_GMCSF.fcs,Bcells,MononuclearCells,Gd155Di,155Gd_pS6,HV01,GMCSF,CHT,38.1554069519043
PTB_HV01_CHT_GMCSF.fcs,Bcells,MononuclearCells,Gd156Di,156Gd_CD44,HV01,GMCSF,CHT,830.2512817382812
PTB_HV01_CHT_GMCSF.fcs,Bcells,MononuclearCells,Gd157Di,157Gd_CD36,HV01,GMCSF,CHT,23.049755096435547
PTB_HV01_CHT_GMCSF.fcs,Bcells,MononuclearCells,Gd158Di,158Gd_PDL1,HV01,GMCSF,CHT,16.244638442993164
PTB_HV01_CHT_GMCSF.fcs,Bcells,MononuclearCells,Tb159Di,159Tb_pMK2,HV01,GMCSF,CHT,25.598867416381836
PTB_HV01_CHT_GMCSF.fcs,Bcells,MononuclearCells,Dy163Di,163Dy_GLUT1,HV01,GMCSF,CHT,176.17869567871094
PTB_HV01_CHT_GMCSF.fcs,Bcells,MononuclearCells,Er164Di,164Er_IkB,HV01,GMCSF,CHT,14.610006332397461
PTB_HV01_CHT_GMCSF.fcs,Bcells,MononuclearCells,Er166Di,166Er_pNFkB,HV01,GMCSF,CHT,35.58271789550781
PTB_HV01_CHT_GMCSF.fcs,Bcells,MononuclearCells,Er167Di,167Er_pERK,HV01,GMCSF,CHT,2.148522138595581
PTB_HV01_CHT_GMCSF.fcs,Bcells,MononuclearCells,Er168Di,168Er_pSTAT6,HV01,GMCSF,CHT,1.050175666809082
PTB_HV01_CHT_GMCSF.fcs,Bcells,MononuclearCells,Tm169Di,169Tm_CD25,HV01,GMCSF,CHT,8.200027465820312
PTB_HV01_CHT_GMCSF.fcs,Bcells,MononuclearCells,Er170Di,170Er_pPLCg,HV01,GMCSF,CHT,28.55436897277832
PTB_HV01_CHT_GMCSF.fcs,Bcells,MononuclearCells,Yb171Di,171Yb_pSTAT4,HV01,GMCSF,CHT,420.3656005859375
PTB_HV01_CHT_GMCSF.fcs,Bcells,MononuclearCells,Yb174Di,174Yb_HLADR,HV01,GMCSF,CHT,655.5288696289062
PTB_HV01_CHT_GMCSF.fcs,CD4negCD8negTcells,Tcells,Sm149Di,149Sm_pCREB,HV01,GMCSF,CHT,10.07510757446289
PTB_HV01_CHT_GMCSF.fcs,CD4negCD8negTcells,Tcells,Nd150Di,150Nd_pSTAT5,HV01,GMCSF,CHT,0.552838921546936
PTB_HV01_CHT_GMCSF.fcs,CD4negCD8negTcells,Tcells,Eu151Di,151Eu_pP38,HV01,GMCSF,CHT,2.091072916984558
PTB_HV01_CHT_GMCSF.fcs,CD4negCD8negTcells,Tcells,Sm152Di,152Sm_PD1,HV01,GMCSF,CHT,0.7055469751358032
PTB_HV01_CHT_GMCSF.fcs,CD4negCD8negTcells,Tcells,Eu153Di,153Eu_pSTAT1,HV01,GMCSF,CHT,0
PTB_HV01_CHT_GMCSF.fcs,CD4negCD8negTcells,Tcells,Sm154Di,154Sm_pSTAT3,HV01,GMCSF,CHT,0.8434738516807556
PTB_HV01_CHT_GMCSF.fcs,CD4negCD8negTcells,Tcells,Gd155Di,155Gd_pS6,HV01,GMCSF,CHT,21.630671501159668
PTB_HV01_CHT_GMCSF.fcs,CD4negCD8negTcells,Tcells,Gd156Di,156Gd_CD44,HV01,GMCSF,CHT,977.9306030273438
PTB_HV01_CHT_GMCSF.fcs,CD4negCD8negTcells,Tcells,Gd157Di,157Gd_CD36,HV01,GMCSF,CHT,30.26797866821289
PTB_HV01_CHT_GMCSF.fcs,CD4negCD8negTcells,Tcells,Gd158Di,158Gd_PDL1,HV01,GMCSF,CHT,15.902166843414307
PTB_HV01_CHT_GMCSF.fcs,CD4negCD8negTcells,Tcells,Tb159Di,159Tb_pMK2,HV01,GMCSF,CHT,16.307196617126465
PTB_HV01_CHT_GMCSF.fcs,CD4negCD8negTcells,Tcells,Dy163Di,163Dy_GLUT1,HV01,GMCSF,CHT,46.68766403198242
PTB_HV01_CHT_GMCSF.fcs,CD4negCD8negTcells,Tcells,Er164Di,164Er_IkB,HV01,GMCSF,CHT,10.488838195800781
PTB_HV01_CHT_GMCSF.fcs,CD4negCD8negTcells,Tcells,Er166Di,166Er_pNFkB,HV01,GMCSF,CHT,38.764312744140625
PTB_HV01_CHT_GMCSF.fcs,CD4negCD8negTcells,Tcells,Er167Di,167Er_pERK,HV01,GMCSF,CHT,1.4774059057235718
PTB_HV01_CHT_GMCSF.fcs,CD4negCD8negTcells,Tcells,Er168Di,168Er_pSTAT6,HV01,GMCSF,CHT,0.2475479319691658
PTB_HV01_CHT_GMCSF.fcs,CD4negCD8negTcells,Tcells,Tm169Di,169Tm_CD25,HV01,GMCSF,CHT,1.2234219908714294
PTB_HV01_CHT_GMCSF.fcs,CD4negCD8negTcells,Tcells,Er170Di,170Er_pPLCg,HV01,GMCSF,CHT,15.303369522094727
PTB_HV01_CHT_GMCSF.fcs,CD4negCD8negTcells,Tcells,Yb171Di,171Yb_pSTAT4,HV01,GMCSF,CHT,147.898681640625
PTB_HV01_CHT_GMCSF.fcs,CD4negCD8negTcells,Tcells,Yb174Di,174Yb_HLADR,HV01,GMCSF,CHT,3.498841404914856
PTB_HV01_CHT_GMCSF.fcs,NKT,Tcells,Sm149Di,149Sm_pCREB,HV01,GMCSF,CHT,9.173728942871094
PTB_HV01_CHT_GMCSF.fcs,NKT,Tcells,Nd150Di,150Nd_pSTAT5,HV01,GMCSF,CHT,1.3656848669052124
PTB_HV01_CHT_GMCSF.fcs,NKT,Tcells,Eu151Di,151Eu_pP38,HV01,GMCSF,CHT,3.0997977256774902
PTB_HV01_CHT_GMCSF.fcs,NKT,Tcells,Sm152Di,152Sm_PD1,HV01,GMCSF,CHT,0.3932453393936157
PTB_HV01_CHT_GMCSF.fcs,NKT,Tcells,Eu153Di,153Eu_pSTAT1,HV01,GMCSF,CHT,0
PTB_HV01_CHT_GMCSF.fcs,NKT,Tcells,Sm154Di,154Sm_pSTAT3,HV01,GMCSF,CHT,0.9278258085250854
PTB_HV01_CHT_GMCSF.fcs,NKT,Tcells,Gd155Di,155Gd_pS6,HV01,GMCSF,CHT,23.99427604675293
PTB_HV01_CHT_GMCSF.fcs,NKT,Tcells,Gd156Di,156Gd_CD44,HV01,GMCSF,CHT,846.0856323242188
PTB_HV01_CHT_GMCSF.fcs,NKT,Tcells,Gd157Di,157Gd_CD36,HV01,GMCSF,CHT,31.851215362548828
PTB_HV01_CHT_GMCSF.fcs,NKT,Tcells,Gd158Di,158Gd_PDL1,HV01,GMCSF,CHT,17.481775283813477
PTB_HV01_CHT_GMCSF.fcs,NKT,Tcells,Tb159Di,159Tb_pMK2,HV01,GMCSF,CHT,22.924901962280273
PTB_HV01_CHT_GMCSF.fcs,NKT,Tcells,Dy163Di,163Dy_GLUT1,HV01,GMCSF,CHT,90.78099060058594
PTB_HV01_CHT_GMCSF.fcs,NKT,Tcells,Er164Di,164Er_IkB,HV01,GMCSF,CHT,9.912810325622559
PTB_HV01_CHT_GMCSF.fcs,NKT,Tcells,Er166Di,166Er_pNFkB,HV01,GMCSF,CHT,42.1651611328125
PTB_HV01_CHT_GMCSF.fcs,NKT,Tcells,Er167Di,167Er_pERK,HV01,GMCSF,CHT,1.9593188762664795
PTB_HV01_CHT_GMCSF.fcs,NKT,Tcells,Er168Di,168Er_pSTAT6,HV01,GMCSF,CHT,0.498813658952713
PTB_HV01_CHT_GMCSF.fcs,NKT,Tcells,Tm169Di,169Tm_CD25,HV01,GMCSF,CHT,1.3070200681686401
PTB_HV01_CHT_GMCSF.fcs,NKT,Tcells,Er170Di,170Er_pPLCg,HV01,GMCSF,CHT,19.899211883544922
PTB_HV01_CHT_GMCSF.fcs,NKT,Tcells,Yb171Di,171Yb_pSTAT4,HV01,GMCSF,CHT,194.2460174560547
PTB_HV01_CHT_GMCSF.fcs,NKT,Tcells,Yb174Di,174Yb_HLADR,HV01,GMCSF,CHT,3.391249418258667
PTB_HV01_CHT_GMCSF.fcs,CD4Tregs,FoxP3posCD4T,Sm149Di,149Sm_pCREB,HV01,GMCSF,CHT,4.22386360168457
PTB_HV01_CHT_GMCSF.fcs,CD4Tregs,FoxP3posCD4T,Nd150Di,150Nd_pSTAT5,HV01,GMCSF,CHT,0.5633750557899475
PTB_HV01_CHT_GMCSF.fcs,CD4Tregs,FoxP3posCD4T,Eu151Di,151Eu_pP38,HV01,GMCSF,CHT,2.35099720954895
PTB_HV01_CHT_GMCSF.fcs,CD4Tregs,FoxP3posCD4T,Sm152Di,152Sm_PD1,HV01,GMCSF,CHT,0.5564655065536499
PTB_HV01_CHT_GMCSF.fcs,CD4Tregs,FoxP3posCD4T,Eu153Di,153Eu_pSTAT1,HV01,GMCSF,CHT,0
PTB_HV01_CHT_GMCSF.fcs,CD4Tregs,FoxP3posCD4T,Sm154Di,154Sm_pSTAT3,HV01,GMCSF,CHT,2.730621337890625
PTB_HV01_CHT_GMCSF.fcs,CD4Tregs,FoxP3posCD4T,Gd155Di,155Gd_pS6,HV01,GMCSF,CHT,17.45827865600586
PTB_HV01_CHT_GMCSF.fcs,CD4Tregs,FoxP3posCD4T,Gd156Di,156Gd_CD44,HV01,GMCSF,CHT,879.02587890625
PTB_HV01_CHT_GMCSF.fcs,CD4Tregs,FoxP3posCD4T,Gd157Di,157Gd_CD36,HV01,GMCSF,CHT,27.352121353149414
PTB_HV01_CHT_GMCSF.fcs,CD4Tregs,FoxP3posCD4T,Gd158Di,158Gd_PDL1,HV01,GMCSF,CHT,14.216328620910645
PTB_HV01_CHT_GMCSF.fcs,CD4Tregs,FoxP3posCD4T,Tb159Di,159Tb_pMK2,HV01,GMCSF,CHT,15.415837287902832
PTB_HV01_CHT_GMCSF.fcs,CD4Tregs,FoxP3posCD4T,Dy163Di,163Dy_GLUT1,HV01,GMCSF,CHT,33.10734176635742
PTB_HV01_CHT_GMCSF.fcs,CD4Tregs,FoxP3posCD4T,Er164Di,164Er_IkB,HV01,GMCSF,CHT,13.46076774597168
PTB_HV01_CHT_GMCSF.fcs,CD4Tregs,FoxP3posCD4T,Er166Di,166Er_pNFkB,HV01,GMCSF,CHT,30.277645111083984
PTB_HV01_CHT_GMCSF.fcs,CD4Tregs,FoxP3posCD4T,Er167Di,167Er_pERK,HV01,GMCSF,CHT,1.3311740159988403
PTB_HV01_CHT_GMCSF.fcs,CD4Tregs,FoxP3posCD4T,Er168Di,168Er_pSTAT6,HV01,GMCSF,CHT,0.2726251184940338
PTB_HV01_CHT_GMCSF.fcs,CD4Tregs,FoxP3posCD4T,Tm169Di,169Tm_CD25,HV01,GMCSF,CHT,47.45799255371094
PTB_HV01_CHT_GMCSF.fcs,CD4Tregs,FoxP3posCD4T,Er170Di,170Er_pPLCg,HV01,GMCSF,CHT,16.570554733276367
PTB_HV01_CHT_GMCSF.fcs,CD4Tregs,FoxP3posCD4T,Yb171Di,171Yb_pSTAT4,HV01,GMCSF,CHT,189.87376403808594
PTB_HV01_CHT_GMCSF.fcs,CD4Tregs,FoxP3posCD4T,Yb174Di,174Yb_HLADR,HV01,GMCSF,CHT,3.935974597930908
PTB_HV01_CHT_GMCSF.fcs,CD56loCD16posNK,NK,Sm149Di,149Sm_pCREB,HV01,GMCSF,CHT,11.518531799316406
PTB_HV01_CHT_GMCSF.fcs,CD56loCD16posNK,NK,Nd150Di,150Nd_pSTAT5,HV01,GMCSF,CHT,1.1425201296806335
PTB_HV01_CHT_GMCSF.fcs,CD56loCD16posNK,NK,Eu151Di,151Eu_pP38,HV01,GMCSF,CHT,3.271528959274292
PTB_HV01_CHT_GMCSF.fcs,CD56loCD16posNK,NK,Sm152Di,152Sm_PD1,HV01,GMCSF,CHT,0.26369617879390717
PTB_HV01_CHT_GMCSF.fcs,CD56loCD16posNK,NK,Eu153Di,153Eu_pSTAT1,HV01,GMCSF,CHT,0
PTB_HV01_CHT_GMCSF.fcs,CD56loCD16posNK,NK,Sm154Di,154Sm_pSTAT3,HV01,GMCSF,CHT,0.5067435503005981
PTB_HV01_CHT_GMCSF.fcs,CD56loCD16posNK,NK,Gd155Di,155Gd_pS6,HV01,GMCSF,CHT,17.5429105758667
PTB_HV01_CHT_GMCSF.fcs,CD56loCD16posNK,NK,Gd156Di,156Gd_CD44,HV01,GMCSF,CHT,235.4960708618164
PTB_HV01_CHT_GMCSF.fcs,CD56loCD16posNK,NK,Gd157Di,157Gd_CD36,HV01,GMCSF,CHT,17.65920639038086
PTB_HV01_CHT_GMCSF.fcs,CD56loCD16posNK,NK,Gd158Di,158Gd_PDL1,HV01,GMCSF,CHT,10.2805814743042
PTB_HV01_CHT_GMCSF.fcs,CD56loCD16posNK,NK,Tb159Di,159Tb_pMK2,HV01,GMCSF,CHT,28.957067489624023
PTB_HV01_CHT_GMCSF.fcs,CD56loCD16posNK,NK,Dy163Di,163Dy_GLUT1,HV01,GMCSF,CHT,92.0495719909668
PTB_HV01_CHT_GMCSF.fcs,CD56loCD16posNK,NK,Er164Di,164Er_IkB,HV01,GMCSF,CHT,8.279502391815186
PTB_HV01_CHT_GMCSF.fcs,CD56loCD16posNK,NK,Er166Di,166Er_pNFkB,HV01,GMCSF,CHT,37.33001136779785
PTB_HV01_CHT_GMCSF.fcs,CD56loCD16posNK,NK,Er167Di,167Er_pERK,HV01,GMCSF,CHT,1.7755467891693115
PTB_HV01_CHT_GMCSF.fcs,CD56loCD16posNK,NK,Er168Di,168Er_pSTAT6,HV01,GMCSF,CHT,0.4476650804281235
PTB_HV01_CHT_GMCSF.fcs,CD56loCD16posNK,NK,Tm169Di,169Tm_CD25,HV01,GMCSF,CHT,1.1104488372802734
PTB_HV01_CHT_GMCSF.fcs,CD56loCD16posNK,NK,Er170Di,170Er_pPLCg,HV01,GMCSF,CHT,17.118074417114258
PTB_HV01_CHT_GMCSF.fcs,CD56loCD16posNK,NK,Yb171Di,171Yb_pSTAT4,HV01,GMCSF,CHT,175.52357482910156
PTB_HV01_CHT_GMCSF.fcs,CD56loCD16posNK,NK,Yb174Di,174Yb_HLADR,HV01,GMCSF,CHT,2.001084089279175
PTB_HV01_CHT_GMCSF.fcs,CD56hiCD16negNK,NK,Sm149Di,149Sm_pCREB,HV01,GMCSF,CHT,12.450545310974121
PTB_HV01_CHT_GMCSF.fcs,CD56hiCD16negNK,NK,Nd150Di,150Nd_pSTAT5,HV01,GMCSF,CHT,1.0952280759811401
PTB_HV01_CHT_GMCSF.fcs,CD56hiCD16negNK,NK,Eu151Di,151Eu_pP38,HV01,GMCSF,CHT,1.9877901077270508
PTB_HV01_CHT_GMCSF.fcs,CD56hiCD16negNK,NK,Sm152Di,152Sm_PD1,HV01,GMCSF,CHT,0.3176097273826599
PTB_HV01_CHT_GMCSF.fcs,CD56hiCD16negNK,NK,Eu153Di,153Eu_pSTAT1,HV01,GMCSF,CHT,0
PTB_HV01_CHT_GMCSF.fcs,CD56hiCD16negNK,NK,Sm154Di,154Sm_pSTAT3,HV01,GMCSF,CHT,0.7217462658882141
PTB_HV01_CHT_GMCSF.fcs,CD56hiCD16negNK,NK,Gd155Di,155Gd_pS6,HV01,GMCSF,CHT,26.68235969543457
PTB_HV01_CHT_GMCSF.fcs,CD56hiCD16negNK,NK,Gd156Di,156Gd_CD44,HV01,GMCSF,CHT,1491.581298828125
PTB_HV01_CHT_GMCSF.fcs,CD56hiCD16negNK,NK,Gd157Di,157Gd_CD36,HV01,GMCSF,CHT,54.51286697387695
PTB_HV01_CHT_GMCSF.fcs,CD56hiCD16negNK,NK,Gd158Di,158Gd_PDL1,HV01,GMCSF,CHT,20.054841995239258
PTB_HV01_CHT_GMCSF.fcs,CD56hiCD16negNK,NK,Tb159Di,159Tb_pMK2,HV01,GMCSF,CHT,20.86202621459961
PTB_HV01_CHT_GMCSF.fcs,CD56hiCD16negNK,NK,Dy163Di,163Dy_GLUT1,HV01,GMCSF,CHT,53.266029357910156
PTB_HV01_CHT_GMCSF.fcs,CD56hiCD16negNK,NK,Er164Di,164Er_IkB,HV01,GMCSF,CHT,17.61343765258789
PTB_HV01_CHT_GMCSF.fcs,CD56hiCD16negNK,NK,Er166Di,166Er_pNFkB,HV01,GMCSF,CHT,36.000267028808594
PTB_HV01_CHT_GMCSF.fcs,CD56hiCD16negNK,NK,Er167Di,167Er_pERK,HV01,GMCSF,CHT,1.878212809562683
PTB_HV01_CHT_GMCSF.fcs,CD56hiCD16negNK,NK,Er168Di,168Er_pSTAT6,HV01,GMCSF,CHT,0.646969199180603
PTB_HV01_CHT_GMCSF.fcs,CD56hiCD16negNK,NK,Tm169Di,169Tm_CD25,HV01,GMCSF,CHT,3.7784600257873535
PTB_HV01_CHT_GMCSF.fcs,CD56hiCD16negNK,NK,Er170Di,170Er_pPLCg,HV01,GMCSF,CHT,18.025161743164062
PTB_HV01_CHT_GMCSF.fcs,CD56hiCD16negNK,NK,Yb171Di,171Yb_pSTAT4,HV01,GMCSF,CHT,152.21299743652344
PTB_HV01_CHT_GMCSF.fcs,CD56hiCD16negNK,NK,Yb174Di,174Yb_HLADR,HV01,GMCSF,CHT,17.794876098632812
PTB_HV01_CHT_GMCSF.fcs,intMCs,lin-,Sm149Di,149Sm_pCREB,HV01,GMCSF,CHT,31.72986602783203
PTB_HV01_CHT_GMCSF.fcs,intMCs,lin-,Nd150Di,150Nd_pSTAT5,HV01,GMCSF,CHT,27.823946952819824
PTB_HV01_CHT_GMCSF.fcs,intMCs,lin-,Eu151Di,151Eu_pP38,HV01,GMCSF,CHT,10.308688640594482
PTB_HV01_CHT_GMCSF.fcs,intMCs,lin-,Sm152Di,152Sm_PD1,HV01,GMCSF,CHT,2.507140278816223
PTB_HV01_CHT_GMCSF.fcs,intMCs,lin-,Eu153Di,153Eu_pSTAT1,HV01,GMCSF,CHT,0.5678785741329193
PTB_HV01_CHT_GMCSF.fcs,intMCs,lin-,Sm154Di,154Sm_pSTAT3,HV01,GMCSF,CHT,3.891950488090515
PTB_HV01_CHT_GMCSF.fcs,intMCs,lin-,Gd155Di,155Gd_pS6,HV01,GMCSF,CHT,67.69161605834961
PTB_HV01_CHT_GMCSF.fcs,intMCs,lin-,Gd156Di,156Gd_CD44,HV01,GMCSF,CHT,2135.809326171875
PTB_HV01_CHT_GMCSF.fcs,intMCs,lin-,Gd157Di,157Gd_CD36,HV01,GMCSF,CHT,66.42518997192383
PTB_HV01_CHT_GMCSF.fcs,intMCs,lin-,Gd158Di,158Gd_PDL1,HV01,GMCSF,CHT,37.42520713806152
PTB_HV01_CHT_GMCSF.fcs,intMCs,lin-,Tb159Di,159Tb_pMK2,HV01,GMCSF,CHT,28.763355255126953
PTB_HV01_CHT_GMCSF.fcs,intMCs,lin-,Dy163Di,163Dy_GLUT1,HV01,GMCSF,CHT,36.22922134399414
PTB_HV01_CHT_GMCSF.fcs,intMCs,lin-,Er164Di,164Er_IkB,HV01,GMCSF,CHT,13.424282550811768
PTB_HV01_CHT_GMCSF.fcs,intMCs,lin-,Er166Di,166Er_pNFkB,HV01,GMCSF,CHT,52.454463958740234
PTB_HV01_CHT_GMCSF.fcs,intMCs,lin-,Er167Di,167Er_pERK,HV01,GMCSF,CHT,9.020604133605957
PTB_HV01_CHT_GMCSF.fcs,intMCs,lin-,Er168Di,168Er_pSTAT6,HV01,GMCSF,CHT,6.271994113922119
PTB_HV01_CHT_GMCSF.fcs,intMCs,lin-,Tm169Di,169Tm_CD25,HV01,GMCSF,CHT,3.449414849281311
PTB_HV01_CHT_GMCSF.fcs,intMCs,lin-,Er170Di,170Er_pPLCg,HV01,GMCSF,CHT,33.042924880981445
PTB_HV01_CHT_GMCSF.fcs,intMCs,lin-,Yb171Di,171Yb_pSTAT4,HV01,GMCSF,CHT,360.8468322753906
PTB_HV01_CHT_GMCSF.fcs,intMCs,lin-,Yb174Di,174Yb_HLADR,HV01,GMCSF,CHT,1427.8359985351562
PTB_HV01_CHT_GMCSF.fcs,ncMCs,lin-,Sm149Di,149Sm_pCREB,HV01,GMCSF,CHT,19.818580627441406
PTB_HV01_CHT_GMCSF.fcs,ncMCs,lin-,Nd150Di,150Nd_pSTAT5,HV01,GMCSF,CHT,25.3292236328125
PTB_HV01_CHT_GMCSF.fcs,ncMCs,lin-,Eu151Di,151Eu_pP38,HV01,GMCSF,CHT,9.927502632141113
PTB_HV01_CHT_GMCSF.fcs,ncMCs,lin-,Sm152Di,152Sm_PD1,HV01,GMCSF,CHT,2.1045291423797607
PTB_HV01_CHT_GMCSF.fcs,ncMCs,lin-,Eu153Di,153Eu_pSTAT1,HV01,GMCSF,CHT,0.29147493839263916
PTB_HV01_CHT_GMCSF.fcs,ncMCs,lin-,Sm154Di,154Sm_pSTAT3,HV01,GMCSF,CHT,2.5714645385742188
PTB_HV01_CHT_GMCSF.fcs,ncMCs,lin-,Gd155Di,155Gd_pS6,HV01,GMCSF,CHT,41.93096923828125
PTB_HV01_CHT_GMCSF.fcs,ncMCs,lin-,Gd156Di,156Gd_CD44,HV01,GMCSF,CHT,1834.852783203125
PTB_HV01_CHT_GMCSF.fcs,ncMCs,lin-,Gd157Di,157Gd_CD36,HV01,GMCSF,CHT,55.28740692138672
PTB_HV01_CHT_GMCSF.fcs,ncMCs,lin-,Gd158Di,158Gd_PDL1,HV01,GMCSF,CHT,31.850122451782227
PTB_HV01_CHT_GMCSF.fcs,ncMCs,lin-,Tb159Di,159Tb_pMK2,HV01,GMCSF,CHT,30.64780044555664
PTB_HV01_CHT_GMCSF.fcs,ncMCs,lin-,Dy163Di,163Dy_GLUT1,HV01,GMCSF,CHT,20.746667861938477
PTB_HV01_CHT_GMCSF.fcs,ncMCs,lin-,Er164Di,164Er_IkB,HV01,GMCSF,CHT,7.799890041351318
PTB_HV01_CHT_GMCSF.fcs,ncMCs,lin-,Er166Di,166Er_pNFkB,HV01,GMCSF,CHT,49.10407638549805
PTB_HV01_CHT_GMCSF.fcs,ncMCs,lin-,Er167Di,167Er_pERK,HV01,GMCSF,CHT,5.048226833343506
PTB_HV01_CHT_GMCSF.fcs,ncMCs,lin-,Er168Di,168Er_pSTAT6,HV01,GMCSF,CHT,4.931471347808838
PTB_HV01_CHT_GMCSF.fcs,ncMCs,lin-,Tm169Di,169Tm_CD25,HV01,GMCSF,CHT,2.716592788696289
PTB_HV01_CHT_GMCSF.fcs,ncMCs,lin-,Er170Di,170Er_pPLCg,HV01,GMCSF,CHT,35.1369743347168
PTB_HV01_CHT_GMCSF.fcs,ncMCs,lin-,Yb171Di,171Yb_pSTAT4,HV01,GMCSF,CHT,509.10064697265625
PTB_HV01_CHT_GMCSF.fcs,ncMCs,lin-,Yb174Di,174Yb_HLADR,HV01,GMCSF,CHT,723.8355712890625
PTB_HV01_CHT_GMCSF.fcs,mDCs,DClike,Sm149Di,149Sm_pCREB,HV01,GMCSF,CHT,28.996013641357422
PTB_HV01_CHT_GMCSF.fcs,mDCs,DClike,Nd150Di,150Nd_pSTAT5,HV01,GMCSF,CHT,31.076576232910156
PTB_HV01_CHT_GMCSF.fcs,mDCs,DClike,Eu151Di,151Eu_pP38,HV01,GMCSF,CHT,9.329225063323975
PTB_HV01_CHT_GMCSF.fcs,mDCs,DClike,Sm152Di,152Sm_PD1,HV01,GMCSF,CHT,1.9563164114952087
PTB_HV01_CHT_GMCSF.fcs,mDCs,DClike,Eu153Di,153Eu_pSTAT1,HV01,GMCSF,CHT,0.20954687148332596
PTB_HV01_CHT_GMCSF.fcs,mDCs,DClike,Sm154Di,154Sm_pSTAT3,HV01,GMCSF,CHT,3.8187828063964844
PTB_HV01_CHT_GMCSF.fcs,mDCs,DClike,Gd155Di,155Gd_pS6,HV01,GMCSF,CHT,45.524587631225586
PTB_HV01_CHT_GMCSF.fcs,mDCs,DClike,Gd156Di,156Gd_CD44,HV01,GMCSF,CHT,1193.1344604492188
PTB_HV01_CHT_GMCSF.fcs,mDCs,DClike,Gd157Di,157Gd_CD36,HV01,GMCSF,CHT,39.712745666503906
PTB_HV01_CHT_GMCSF.fcs,mDCs,DClike,Gd158Di,158Gd_PDL1,HV01,GMCSF,CHT,25.942848205566406
PTB_HV01_CHT_GMCSF.fcs,mDCs,DClike,Tb159Di,159Tb_pMK2,HV01,GMCSF,CHT,29.151578903198242
PTB_HV01_CHT_GMCSF.fcs,mDCs,DClike,Dy163Di,163Dy_GLUT1,HV01,GMCSF,CHT,170.1798858642578
PTB_HV01_CHT_GMCSF.fcs,mDCs,DClike,Er164Di,164Er_IkB,HV01,GMCSF,CHT,24.03023910522461
PTB_HV01_CHT_GMCSF.fcs,mDCs,DClike,Er166Di,166Er_pNFkB,HV01,GMCSF,CHT,46.73649215698242
PTB_HV01_CHT_GMCSF.fcs,mDCs,DClike,Er167Di,167Er_pERK,HV01,GMCSF,CHT,5.27034854888916
PTB_HV01_CHT_GMCSF.fcs,mDCs,DClike,Er168Di,168Er_pSTAT6,HV01,GMCSF,CHT,8.07634973526001
PTB_HV01_CHT_GMCSF.fcs,mDCs,DClike,Tm169Di,169Tm_CD25,HV01,GMCSF,CHT,2.7646795511245728
PTB_HV01_CHT_GMCSF.fcs,mDCs,DClike,Er170Di,170Er_pPLCg,HV01,GMCSF,CHT,30.28077983856201
PTB_HV01_CHT_GMCSF.fcs,mDCs,DClike,Yb171Di,171Yb_pSTAT4,HV01,GMCSF,CHT,278.6383056640625
PTB_HV01_CHT_GMCSF.fcs,mDCs,DClike,Yb174Di,174Yb_HLADR,HV01,GMCSF,CHT,2650.935302734375
PTB_HV01_CHT_GMCSF.fcs,Granulocytes,LiveLeukocytes,Sm149Di,149Sm_pCREB,HV01,GMCSF,CHT,12.040447235107422
PTB_HV01_CHT_GMCSF.fcs,Granulocytes,LiveLeukocytes,Nd150Di,150Nd_pSTAT5,HV01,GMCSF,CHT,25.912790298461914
PTB_HV01_CHT_GMCSF.fcs,Granulocytes,LiveLeukocytes,Eu151Di,151Eu_pP38,HV01,GMCSF,CHT,2.2844419479370117
PTB_HV01_CHT_GMCSF.fcs,Granulocytes,LiveLeukocytes,Sm152Di,152Sm_PD1,HV01,GMCSF,CHT,2.8443214893341064
PTB_HV01_CHT_GMCSF.fcs,Granulocytes,LiveLeukocytes,Eu153Di,153Eu_pSTAT1,HV01,GMCSF,CHT,0.004852625075727701
PTB_HV01_CHT_GMCSF.fcs,Granulocytes,LiveLeukocytes,Sm154Di,154Sm_pSTAT3,HV01,GMCSF,CHT,2.4982266426086426
PTB_HV01_CHT_GMCSF.fcs,Granulocytes,LiveLeukocytes,Gd155Di,155Gd_pS6,HV01,GMCSF,CHT,42.232330322265625
PTB_HV01_CHT_GMCSF.fcs,Granulocytes,LiveLeukocytes,Gd156Di,156Gd_CD44,HV01,GMCSF,CHT,395.5988464355469
PTB_HV01_CHT_GMCSF.fcs,Granulocytes,LiveLeukocytes,Gd157Di,157Gd_CD36,HV01,GMCSF,CHT,15.241786003112793
PTB_HV01_CHT_GMCSF.fcs,Granulocytes,LiveLeukocytes,Gd158Di,158Gd_PDL1,HV01,GMCSF,CHT,39.24736022949219
PTB_HV01_CHT_GMCSF.fcs,Granulocytes,LiveLeukocytes,Tb159Di,159Tb_pMK2,HV01,GMCSF,CHT,8.731672286987305
PTB_HV01_CHT_GMCSF.fcs,Granulocytes,LiveLeukocytes,Dy163Di,163Dy_GLUT1,HV01,GMCSF,CHT,8.836745262145996
PTB_HV01_CHT_GMCSF.fcs,Granulocytes,LiveLeukocytes,Er164Di,164Er_IkB,HV01,GMCSF,CHT,8.82824993133545
PTB_HV01_CHT_GMCSF.fcs,Granulocytes,LiveLeukocytes,Er166Di,166Er_pNFkB,HV01,GMCSF,CHT,38.843040466308594
PTB_HV01_CHT_GMCSF.fcs,Granulocytes,LiveLeukocytes,Er167Di,167Er_pERK,HV01,GMCSF,CHT,6.219089984893799
PTB_HV01_CHT_GMCSF.fcs,Granulocytes,LiveLeukocytes,Er168Di,168Er_pSTAT6,HV01,GMCSF,CHT,4.679416656494141
PTB_HV01_CHT_GMCSF.fcs,Granulocytes,LiveLeukocytes,Tm169Di,169Tm_CD25,HV01,GMCSF,CHT,2.9442391395568848
PTB_HV01_CHT_GMCSF.fcs,Granulocytes,LiveLeukocytes,Er170Di,170Er_pPLCg,HV01,GMCSF,CHT,11.340736389160156
PTB_HV01_CHT_GMCSF.fcs,Granulocytes,LiveLeukocytes,Yb171Di,171Yb_pSTAT4,HV01,GMCSF,CHT,22.369028091430664
PTB_HV01_CHT_GMCSF.fcs,Granulocytes,LiveLeukocytes,Yb174Di,174Yb_HLADR,HV01,GMCSF,CHT,2.620333433151245
PTB_HV01_CHT_GMCSF.fcs,CD4Tnaive,CD4Tcells,Sm149Di,149Sm_pCREB,HV01,GMCSF,CHT,4.035202264785767
PTB_HV01_CHT_GMCSF.fcs,CD4Tnaive,CD4Tcells,Nd150Di,150Nd_pSTAT5,HV01,GMCSF,CHT,0.7154092490673065
PTB_HV01_CHT_GMCSF.fcs,CD4Tnaive,CD4Tcells,Eu151Di,151Eu_pP38,HV01,GMCSF,CHT,2.5061782598495483
PTB_HV01_CHT_GMCSF.fcs,CD4Tnaive,CD4Tcells,Sm152Di,152Sm_PD1,HV01,GMCSF,CHT,0
PTB_HV01_CHT_GMCSF.fcs,CD4Tnaive,CD4Tcells,Eu153Di,153Eu_pSTAT1,HV01,GMCSF,CHT,0
PTB_HV01_CHT_GMCSF.fcs,CD4Tnaive,CD4Tcells,Sm154Di,154Sm_pSTAT3,HV01,GMCSF,CHT,4.505685091018677
PTB_HV01_CHT_GMCSF.fcs,CD4Tnaive,CD4Tcells,Gd155Di,155Gd_pS6,HV01,GMCSF,CHT,16.43580913543701
PTB_HV01_CHT_GMCSF.fcs,CD4Tnaive,CD4Tcells,Gd156Di,156Gd_CD44,HV01,GMCSF,CHT,807.0353088378906
PTB_HV01_CHT_GMCSF.fcs,CD4Tnaive,CD4Tcells,Gd157Di,157Gd_CD36,HV01,GMCSF,CHT,28.033924102783203
PTB_HV01_CHT_GMCSF.fcs,CD4Tnaive,CD4Tcells,Gd158Di,158Gd_PDL1,HV01,GMCSF,CHT,13.42478609085083
PTB_HV01_CHT_GMCSF.fcs,CD4Tnaive,CD4Tcells,Tb159Di,159Tb_pMK2,HV01,GMCSF,CHT,19.662699699401855
PTB_HV01_CHT_GMCSF.fcs,CD4Tnaive,CD4Tcells,Dy163Di,163Dy_GLUT1,HV01,GMCSF,CHT,26.16055202484131
PTB_HV01_CHT_GMCSF.fcs,CD4Tnaive,CD4Tcells,Er164Di,164Er_IkB,HV01,GMCSF,CHT,22.415184020996094
PTB_HV01_CHT_GMCSF.fcs,CD4Tnaive,CD4Tcells,Er166Di,166Er_pNFkB,HV01,GMCSF,CHT,30.112205505371094
PTB_HV01_CHT_GMCSF.fcs,CD4Tnaive,CD4Tcells,Er167Di,167Er_pERK,HV01,GMCSF,CHT,1.344279944896698
PTB_HV01_CHT_GMCSF.fcs,CD4Tnaive,CD4Tcells,Er168Di,168Er_pSTAT6,HV01,GMCSF,CHT,0.5219683647155762
PTB_HV01_CHT_GMCSF.fcs,CD4Tnaive,CD4Tcells,Tm169Di,169Tm_CD25,HV01,GMCSF,CHT,1.4332820773124695
PTB_HV01_CHT_GMCSF.fcs,CD4Tnaive,CD4Tcells,Er170Di,170Er_pPLCg,HV01,GMCSF,CHT,17.388888359069824
PTB_HV01_CHT_GMCSF.fcs,CD4Tnaive,CD4Tcells,Yb171Di,171Yb_pSTAT4,HV01,GMCSF,CHT,189.99913024902344
PTB_HV01_CHT_GMCSF.fcs,CD4Tnaive,CD4Tcells,Yb174Di,174Yb_HLADR,HV01,GMCSF,CHT,1.6340535879135132
PTB_HV01_CHT_GMCSF.fcs,CD4Teff,CD4Tcells,Sm149Di,149Sm_pCREB,HV01,GMCSF,CHT,4.309203624725342
PTB_HV01_CHT_GMCSF.fcs,CD4Teff,CD4Tcells,Nd150Di,150Nd_pSTAT5,HV01,GMCSF,CHT,0.5575786232948303
PTB_HV01_CHT_GMCSF.fcs,CD4Teff,CD4Tcells,Eu151Di,151Eu_pP38,HV01,GMCSF,CHT,2.17469584941864
PTB_HV01_CHT_GMCSF.fcs,CD4Teff,CD4Tcells,Sm152Di,152Sm_PD1,HV01,GMCSF,CHT,0.3202429860830307
PTB_HV01_CHT_GMCSF.fcs,CD4Teff,CD4Tcells,Eu153Di,153Eu_pSTAT1,HV01,GMCSF,CHT,0
PTB_HV01_CHT_GMCSF.fcs,CD4Teff,CD4Tcells,Sm154Di,154Sm_pSTAT3,HV01,GMCSF,CHT,2.684987187385559
PTB_HV01_CHT_GMCSF.fcs,CD4Teff,CD4Tcells,Gd155Di,155Gd_pS6,HV01,GMCSF,CHT,15.942853927612305
PTB_HV01_CHT_GMCSF.fcs,CD4Teff,CD4Tcells,Gd156Di,156Gd_CD44,HV01,GMCSF,CHT,693.0686645507812
PTB_HV01_CHT_GMCSF.fcs,CD4Teff,CD4Tcells,Gd157Di,157Gd_CD36,HV01,GMCSF,CHT,22.950908660888672
PTB_HV01_CHT_GMCSF.fcs,CD4Teff,CD4Tcells,Gd158Di,158Gd_PDL1,HV01,GMCSF,CHT,11.673523902893066
PTB_HV01_CHT_GMCSF.fcs,CD4Teff,CD4Tcells,Tb159Di,159Tb_pMK2,HV01,GMCSF,CHT,17.23151969909668
PTB_HV01_CHT_GMCSF.fcs,CD4Teff,CD4Tcells,Dy163Di,163Dy_GLUT1,HV01,GMCSF,CHT,25.258209228515625
PTB_HV01_CHT_GMCSF.fcs,CD4Teff,CD4Tcells,Er164Di,164Er_IkB,HV01,GMCSF,CHT,16.696767807006836
PTB_HV01_CHT_GMCSF.fcs,CD4Teff,CD4Tcells,Er166Di,166Er_pNFkB,HV01,GMCSF,CHT,28.714722633361816
PTB_HV01_CHT_GMCSF.fcs,CD4Teff,CD4Tcells,Er167Di,167Er_pERK,HV01,GMCSF,CHT,1.3567659854888916
PTB_HV01_CHT_GMCSF.fcs,CD4Teff,CD4Tcells,Er168Di,168Er_pSTAT6,HV01,GMCSF,CHT,0.17436030507087708
PTB_HV01_CHT_GMCSF.fcs,CD4Teff,CD4Tcells,Tm169Di,169Tm_CD25,HV01,GMCSF,CHT,1.8161445260047913
PTB_HV01_CHT_GMCSF.fcs,CD4Teff,CD4Tcells,Er170Di,170Er_pPLCg,HV01,GMCSF,CHT,15.649452209472656
PTB_HV01_CHT_GMCSF.fcs,CD4Teff,CD4Tcells,Yb171Di,171Yb_pSTAT4,HV01,GMCSF,CHT,166.23943328857422
PTB_HV01_CHT_GMCSF.fcs,CD4Teff,CD4Tcells,Yb174Di,174Yb_HLADR,HV01,GMCSF,CHT,1.4199034571647644
PTB_HV01_CHT_GMCSF.fcs,CD8Tnaive,CD8Tcells,Sm149Di,149Sm_pCREB,HV01,GMCSF,CHT,5.482773303985596
PTB_HV01_CHT_GMCSF.fcs,CD8Tnaive,CD8Tcells,Nd150Di,150Nd_pSTAT5,HV01,GMCSF,CHT,1.1874521970748901
PTB_HV01_CHT_GMCSF.fcs,CD8Tnaive,CD8Tcells,Eu151Di,151Eu_pP38,HV01,GMCSF,CHT,2.708569288253784
PTB_HV01_CHT_GMCSF.fcs,CD8Tnaive,CD8Tcells,Sm152Di,152Sm_PD1,HV01,GMCSF,CHT,0.18737755715847015
PTB_HV01_CHT_GMCSF.fcs,CD8Tnaive,CD8Tcells,Eu153Di,153Eu_pSTAT1,HV01,GMCSF,CHT,0
PTB_HV01_CHT_GMCSF.fcs,CD8Tnaive,CD8Tcells,Sm154Di,154Sm_pSTAT3,HV01,GMCSF,CHT,2.36466383934021
PTB_HV01_CHT_GMCSF.fcs,CD8Tnaive,CD8Tcells,Gd155Di,155Gd_pS6,HV01,GMCSF,CHT,19.480329513549805
PTB_HV01_CHT_GMCSF.fcs,CD8Tnaive,CD8Tcells,Gd156Di,156Gd_CD44,HV01,GMCSF,CHT,846.8180541992188
PTB_HV01_CHT_GMCSF.fcs,CD8Tnaive,CD8Tcells,Gd157Di,157Gd_CD36,HV01,GMCSF,CHT,29.88751792907715
PTB_HV01_CHT_GMCSF.fcs,CD8Tnaive,CD8Tcells,Gd158Di,158Gd_PDL1,HV01,GMCSF,CHT,14.960122108459473
PTB_HV01_CHT_GMCSF.fcs,CD8Tnaive,CD8Tcells,Tb159Di,159Tb_pMK2,HV01,GMCSF,CHT,23.318666458129883
PTB_HV01_CHT_GMCSF.fcs,CD8Tnaive,CD8Tcells,Dy163Di,163Dy_GLUT1,HV01,GMCSF,CHT,40.353797912597656
PTB_HV01_CHT_GMCSF.fcs,CD8Tnaive,CD8Tcells,Er164Di,164Er_IkB,HV01,GMCSF,CHT,24.919696807861328
PTB_HV01_CHT_GMCSF.fcs,CD8Tnaive,CD8Tcells,Er166Di,166Er_pNFkB,HV01,GMCSF,CHT,36.74671936035156
PTB_HV01_CHT_GMCSF.fcs,CD8Tnaive,CD8Tcells,Er167Di,167Er_pERK,HV01,GMCSF,CHT,1.7167454957962036
PTB_HV01_CHT_GMCSF.fcs,CD8Tnaive,CD8Tcells,Er168Di,168Er_pSTAT6,HV01,GMCSF,CHT,0.413065105676651
PTB_HV01_CHT_GMCSF.fcs,CD8Tnaive,CD8Tcells,Tm169Di,169Tm_CD25,HV01,GMCSF,CHT,0.9938052892684937
PTB_HV01_CHT_GMCSF.fcs,CD8Tnaive,CD8Tcells,Er170Di,170Er_pPLCg,HV01,GMCSF,CHT,18.99484634399414
PTB_HV01_CHT_GMCSF.fcs,CD8Tnaive,CD8Tcells,Yb171Di,171Yb_pSTAT4,HV01,GMCSF,CHT,190.9899444580078
PTB_HV01_CHT_GMCSF.fcs,CD8Tnaive,CD8Tcells,Yb174Di,174Yb_HLADR,HV01,GMCSF,CHT,2.210367202758789
PTB_HV01_CHT_GMCSF.fcs,CD8Teff,CD8Tcells,Sm149Di,149Sm_pCREB,HV01,GMCSF,CHT,8.640761375427246
PTB_HV01_CHT_GMCSF.fcs,CD8Teff,CD8Tcells,Nd150Di,150Nd_pSTAT5,HV01,GMCSF,CHT,1.1144582033157349
PTB_HV01_CHT_GMCSF.fcs,CD8Teff,CD8Tcells,Eu151Di,151Eu_pP38,HV01,GMCSF,CHT,2.7866241931915283
PTB_HV01_CHT_GMCSF.fcs,CD8Teff,CD8Tcells,Sm152Di,152Sm_PD1,HV01,GMCSF,CHT,0.5213689804077148
PTB_HV01_CHT_GMCSF.fcs,CD8Teff,CD8Tcells,Eu153Di,153Eu_pSTAT1,HV01,GMCSF,CHT,0
PTB_HV01_CHT_GMCSF.fcs,CD8Teff,CD8Tcells,Sm154Di,154Sm_pSTAT3,HV01,GMCSF,CHT,0.7038198113441467
PTB_HV01_CHT_GMCSF.fcs,CD8Teff,CD8Tcells,Gd155Di,155Gd_pS6,HV01,GMCSF,CHT,21.44268798828125
PTB_HV01_CHT_GMCSF.fcs,CD8Teff,CD8Tcells,Gd156Di,156Gd_CD44,HV01,GMCSF,CHT,736.2154541015625
PTB_HV01_CHT_GMCSF.fcs,CD8Teff,CD8Tcells,Gd157Di,157Gd_CD36,HV01,GMCSF,CHT,24.697221755981445
PTB_HV01_CHT_GMCSF.fcs,CD8Teff,CD8Tcells,Gd158Di,158Gd_PDL1,HV01,GMCSF,CHT,14.896150588989258
PTB_HV01_CHT_GMCSF.fcs,CD8Teff,CD8Tcells,Tb159Di,159Tb_pMK2,HV01,GMCSF,CHT,21.09444236755371
PTB_HV01_CHT_GMCSF.fcs,CD8Teff,CD8Tcells,Dy163Di,163Dy_GLUT1,HV01,GMCSF,CHT,82.71540069580078
PTB_HV01_CHT_GMCSF.fcs,CD8Teff,CD8Tcells,Er164Di,164Er_IkB,HV01,GMCSF,CHT,9.023775100708008
PTB_HV01_CHT_GMCSF.fcs,CD8Teff,CD8Tcells,Er166Di,166Er_pNFkB,HV01,GMCSF,CHT,37.43498229980469
PTB_HV01_CHT_GMCSF.fcs,CD8Teff,CD8Tcells,Er167Di,167Er_pERK,HV01,GMCSF,CHT,1.5777515172958374
PTB_HV01_CHT_GMCSF.fcs,CD8Teff,CD8Tcells,Er168Di,168Er_pSTAT6,HV01,GMCSF,CHT,0.2758825719356537
PTB_HV01_CHT_GMCSF.fcs,CD8Teff,CD8Tcells,Tm169Di,169Tm_CD25,HV01,GMCSF,CHT,1.0387520790100098
PTB_HV01_CHT_GMCSF.fcs,CD8Teff,CD8Tcells,Er170Di,170Er_pPLCg,HV01,GMCSF,CHT,17.44426155090332
PTB_HV01_CHT_GMCSF.fcs,CD8Teff,CD8Tcells,Yb171Di,171Yb_pSTAT4,HV01,GMCSF,CHT,183.0772705078125
PTB_HV01_CHT_GMCSF.fcs,CD8Teff,CD8Tcells,Yb174Di,174Yb_HLADR,HV01,GMCSF,CHT,3.738816022872925
PTB_HV01_CHT_GMCSF.fcs,pDCs,DClike,Sm149Di,149Sm_pCREB,HV01,GMCSF,CHT,9.816940784454346
PTB_HV01_CHT_GMCSF.fcs,pDCs,DClike,Nd150Di,150Nd_pSTAT5,HV01,GMCSF,CHT,26.42996597290039
PTB_HV01_CHT_GMCSF.fcs,pDCs,DClike,Eu151Di,151Eu_pP38,HV01,GMCSF,CHT,6.821971654891968
PTB_HV01_CHT_GMCSF.fcs,pDCs,DClike,Sm152Di,152Sm_PD1,HV01,GMCSF,CHT,1.3016037344932556
PTB_HV01_CHT_GMCSF.fcs,pDCs,DClike,Eu153Di,153Eu_pSTAT1,HV01,GMCSF,CHT,0.2446737438440323
PTB_HV01_CHT_GMCSF.fcs,pDCs,DClike,Sm154Di,154Sm_pSTAT3,HV01,GMCSF,CHT,2.671023368835449
PTB_HV01_CHT_GMCSF.fcs,pDCs,DClike,Gd155Di,155Gd_pS6,HV01,GMCSF,CHT,81.40303802490234
PTB_HV01_CHT_GMCSF.fcs,pDCs,DClike,Gd156Di,156Gd_CD44,HV01,GMCSF,CHT,1143.0170288085938
PTB_HV01_CHT_GMCSF.fcs,pDCs,DClike,Gd157Di,157Gd_CD36,HV01,GMCSF,CHT,41.499080657958984
PTB_HV01_CHT_GMCSF.fcs,pDCs,DClike,Gd158Di,158Gd_PDL1,HV01,GMCSF,CHT,28.05479335784912
PTB_HV01_CHT_GMCSF.fcs,pDCs,DClike,Tb159Di,159Tb_pMK2,HV01,GMCSF,CHT,33.529197692871094
PTB_HV01_CHT_GMCSF.fcs,pDCs,DClike,Dy163Di,163Dy_GLUT1,HV01,GMCSF,CHT,982.733154296875
PTB_HV01_CHT_GMCSF.fcs,pDCs,DClike,Er164Di,164Er_IkB,HV01,GMCSF,CHT,34.42261505126953
PTB_HV01_CHT_GMCSF.fcs,pDCs,DClike,Er166Di,166Er_pNFkB,HV01,GMCSF,CHT,52.84201240539551
PTB_HV01_CHT_GMCSF.fcs,pDCs,DClike,Er167Di,167Er_pERK,HV01,GMCSF,CHT,4.587322235107422
PTB_HV01_CHT_GMCSF.fcs,pDCs,DClike,Er168Di,168Er_pSTAT6,HV01,GMCSF,CHT,5.162512540817261
PTB_HV01_CHT_GMCSF.fcs,pDCs,DClike,Tm169Di,169Tm_CD25,HV01,GMCSF,CHT,3.518330693244934
PTB_HV01_CHT_GMCSF.fcs,pDCs,DClike,Er170Di,170Er_pPLCg,HV01,GMCSF,CHT,28.064831733703613
PTB_HV01_CHT_GMCSF.fcs,pDCs,DClike,Yb171Di,171Yb_pSTAT4,HV01,GMCSF,CHT,304.5533142089844
PTB_HV01_CHT_GMCSF.fcs,pDCs,DClike,Yb174Di,174Yb_HLADR,HV01,GMCSF,CHT,1008.0320739746094
PTB_HV01_CHT_GMCSF.fcs,MDSCs,cMCs,Sm149Di,149Sm_pCREB,HV01,GMCSF,CHT,30.24025535583496
PTB_HV01_CHT_GMCSF.fcs,MDSCs,cMCs,Nd150Di,150Nd_pSTAT5,HV01,GMCSF,CHT,23.852310180664062
PTB_HV01_CHT_GMCSF.fcs,MDSCs,cMCs,Eu151Di,151Eu_pP38,HV01,GMCSF,CHT,8.152094841003418
PTB_HV01_CHT_GMCSF.fcs,MDSCs,cMCs,Sm152Di,152Sm_PD1,HV01,GMCSF,CHT,1.4738291501998901
PTB_HV01_CHT_GMCSF.fcs,MDSCs,cMCs,Eu153Di,153Eu_pSTAT1,HV01,GMCSF,CHT,0.17757292091846466
PTB_HV01_CHT_GMCSF.fcs,MDSCs,cMCs,Sm154Di,154Sm_pSTAT3,HV01,GMCSF,CHT,3.3019776344299316
PTB_HV01_CHT_GMCSF.fcs,MDSCs,cMCs,Gd155Di,155Gd_pS6,HV01,GMCSF,CHT,61.73916244506836
PTB_HV01_CHT_GMCSF.fcs,MDSCs,cMCs,Gd156Di,156Gd_CD44,HV01,GMCSF,CHT,1610.8221435546875
PTB_HV01_CHT_GMCSF.fcs,MDSCs,cMCs,Gd157Di,157Gd_CD36,HV01,GMCSF,CHT,52.603816986083984
PTB_HV01_CHT_GMCSF.fcs,MDSCs,cMCs,Gd158Di,158Gd_PDL1,HV01,GMCSF,CHT,31.091110229492188
PTB_HV01_CHT_GMCSF.fcs,MDSCs,cMCs,Tb159Di,159Tb_pMK2,HV01,GMCSF,CHT,21.69890594482422
PTB_HV01_CHT_GMCSF.fcs,MDSCs,cMCs,Dy163Di,163Dy_GLUT1,HV01,GMCSF,CHT,23.488086700439453
PTB_HV01_CHT_GMCSF.fcs,MDSCs,cMCs,Er164Di,164Er_IkB,HV01,GMCSF,CHT,11.14328384399414
PTB_HV01_CHT_GMCSF.fcs,MDSCs,cMCs,Er166Di,166Er_pNFkB,HV01,GMCSF,CHT,37.778411865234375
PTB_HV01_CHT_GMCSF.fcs,MDSCs,cMCs,Er167Di,167Er_pERK,HV01,GMCSF,CHT,10.923851013183594
PTB_HV01_CHT_GMCSF.fcs,MDSCs,cMCs,Er168Di,168Er_pSTAT6,HV01,GMCSF,CHT,4.5451555252075195
PTB_HV01_CHT_GMCSF.fcs,MDSCs,cMCs,Tm169Di,169Tm_CD25,HV01,GMCSF,CHT,1.8647900819778442
PTB_HV01_CHT_GMCSF.fcs,MDSCs,cMCs,Er170Di,170Er_pPLCg,HV01,GMCSF,CHT,20.748043060302734
PTB_HV01_CHT_GMCSF.fcs,MDSCs,cMCs,Yb171Di,171Yb_pSTAT4,HV01,GMCSF,CHT,197.5469512939453
PTB_HV01_CHT_GMCSF.fcs,MDSCs,cMCs,Yb174Di,174Yb_HLADR,HV01,GMCSF,CHT,150.68377685546875
PTB_HV01_CHT_GMCSF.fcs,NK cells CD11c-,NK,Sm149Di,149Sm_pCREB,HV01,GMCSF,CHT,10.81498384475708
PTB_HV01_CHT_GMCSF.fcs,NK cells CD11c-,NK,Nd150Di,150Nd_pSTAT5,HV01,GMCSF,CHT,1.07011079788208
PTB_HV01_CHT_GMCSF.fcs,NK cells CD11c-,NK,Eu151Di,151Eu_pP38,HV01,GMCSF,CHT,3.08349072933197
PTB_HV01_CHT_GMCSF.fcs,NK cells CD11c-,NK,Sm152Di,152Sm_PD1,HV01,GMCSF,CHT,0.22179432213306427
PTB_HV01_CHT_GMCSF.fcs,NK cells CD11c-,NK,Eu153Di,153Eu_pSTAT1,HV01,GMCSF,CHT,0
PTB_HV01_CHT_GMCSF.fcs,NK cells CD11c-,NK,Sm154Di,154Sm_pSTAT3,HV01,GMCSF,CHT,0.5443173944950104
PTB_HV01_CHT_GMCSF.fcs,NK cells CD11c-,NK,Gd155Di,155Gd_pS6,HV01,GMCSF,CHT,18.776992797851562
PTB_HV01_CHT_GMCSF.fcs,NK cells CD11c-,NK,Gd156Di,156Gd_CD44,HV01,GMCSF,CHT,400.1651306152344
PTB_HV01_CHT_GMCSF.fcs,NK cells CD11c-,NK,Gd157Di,157Gd_CD36,HV01,GMCSF,CHT,22.911026000976562
PTB_HV01_CHT_GMCSF.fcs,NK cells CD11c-,NK,Gd158Di,158Gd_PDL1,HV01,GMCSF,CHT,12.072115421295166
PTB_HV01_CHT_GMCSF.fcs,NK cells CD11c-,NK,Tb159Di,159Tb_pMK2,HV01,GMCSF,CHT,26.93684673309326
PTB_HV01_CHT_GMCSF.fcs,NK cells CD11c-,NK,Dy163Di,163Dy_GLUT1,HV01,GMCSF,CHT,72.0802116394043
PTB_HV01_CHT_GMCSF.fcs,NK cells CD11c-,NK,Er164Di,164Er_IkB,HV01,GMCSF,CHT,8.363527774810791
PTB_HV01_CHT_GMCSF.fcs,NK cells CD11c-,NK,Er166Di,166Er_pNFkB,HV01,GMCSF,CHT,39.459495544433594
PTB_HV01_CHT_GMCSF.fcs,NK cells CD11c-,NK,Er167Di,167Er_pERK,HV01,GMCSF,CHT,1.696069359779358
PTB_HV01_CHT_GMCSF.fcs,NK cells CD11c-,NK,Er168Di,168Er_pSTAT6,HV01,GMCSF,CHT,0.5062981843948364
PTB_HV01_CHT_GMCSF.fcs,NK cells CD11c-,NK,Tm169Di,169Tm_CD25,HV01,GMCSF,CHT,1.0825839042663574
PTB_HV01_CHT_GMCSF.fcs,NK cells CD11c-,NK,Er170Di,170Er_pPLCg,HV01,GMCSF,CHT,16.59713840484619
PTB_HV01_CHT_GMCSF.fcs,NK cells CD11c-,NK,Yb171Di,171Yb_pSTAT4,HV01,GMCSF,CHT,165.7511215209961
PTB_HV01_CHT_GMCSF.fcs,NK cells CD11c-,NK,Yb174Di,174Yb_HLADR,HV01,GMCSF,CHT,2.7865623235702515
PTB_HV01_CHT_GMCSF.fcs,NK cells CD11c+,NK,Sm149Di,149Sm_pCREB,HV01,GMCSF,CHT,11.743490219116211
PTB_HV01_CHT_GMCSF.fcs,NK cells CD11c+,NK,Nd150Di,150Nd_pSTAT5,HV01,GMCSF,CHT,1.1851270198822021
PTB_HV01_CHT_GMCSF.fcs,NK cells CD11c+,NK,Eu151Di,151Eu_pP38,HV01,GMCSF,CHT,3.2599544525146484
PTB_HV01_CHT_GMCSF.fcs,NK cells CD11c+,NK,Sm152Di,152Sm_PD1,HV01,GMCSF,CHT,0.2820151746273041
PTB_HV01_CHT_GMCSF.fcs,NK cells CD11c+,NK,Eu153Di,153Eu_pSTAT1,HV01,GMCSF,CHT,0
PTB_HV01_CHT_GMCSF.fcs,NK cells CD11c+,NK,Sm154Di,154Sm_pSTAT3,HV01,GMCSF,CHT,0.5359359383583069
PTB_HV01_CHT_GMCSF.fcs,NK cells CD11c+,NK,Gd155Di,155Gd_pS6,HV01,GMCSF,CHT,17.535249710083008
PTB_HV01_CHT_GMCSF.fcs,NK cells CD11c+,NK,Gd156Di,156Gd_CD44,HV01,GMCSF,CHT,214.97923278808594
PTB_HV01_CHT_GMCSF.fcs,NK cells CD11c+,NK,Gd157Di,157Gd_CD36,HV01,GMCSF,CHT,17.103656768798828
PTB_HV01_CHT_GMCSF.fcs,NK cells CD11c+,NK,Gd158Di,158Gd_PDL1,HV01,GMCSF,CHT,10.116588592529297
PTB_HV01_CHT_GMCSF.fcs,NK cells CD11c+,NK,Tb159Di,159Tb_pMK2,HV01,GMCSF,CHT,28.754701614379883
PTB_HV01_CHT_GMCSF.fcs,NK cells CD11c+,NK,Dy163Di,163Dy_GLUT1,HV01,GMCSF,CHT,95.7858657836914
PTB_HV01_CHT_GMCSF.fcs,NK cells CD11c+,NK,Er164Di,164Er_IkB,HV01,GMCSF,CHT,8.518655776977539
PTB_HV01_CHT_GMCSF.fcs,NK cells CD11c+,NK,Er166Di,166Er_pNFkB,HV01,GMCSF,CHT,36.50653839111328
PTB_HV01_CHT_GMCSF.fcs,NK cells CD11c+,NK,Er167Di,167Er_pERK,HV01,GMCSF,CHT,1.7933192253112793
PTB_HV01_CHT_GMCSF.fcs,NK cells CD11c+,NK,Er168Di,168Er_pSTAT6,HV01,GMCSF,CHT,0.44684329628944397
PTB_HV01_CHT_GMCSF.fcs,NK cells CD11c+,NK,Tm169Di,169Tm_CD25,HV01,GMCSF,CHT,1.1981961727142334
PTB_HV01_CHT_GMCSF.fcs,NK cells CD11c+,NK,Er170Di,170Er_pPLCg,HV01,GMCSF,CHT,17.26738929748535
PTB_HV01_CHT_GMCSF.fcs,NK cells CD11c+,NK,Yb171Di,171Yb_pSTAT4,HV01,GMCSF,CHT,176.4337615966797
PTB_HV01_CHT_GMCSF.fcs,NK cells CD11c+,NK,Yb174Di,174Yb_HLADR,HV01,GMCSF,CHT,2.0480828285217285
PTB_HV01_CHT_GMCSF.fcs,CD4Tcm CCR2+,CD4Tcm,Sm149Di,149Sm_pCREB,HV01,GMCSF,CHT,8.529533386230469
PTB_HV01_CHT_GMCSF.fcs,CD4Tcm CCR2+,CD4Tcm,Nd150Di,150Nd_pSTAT5,HV01,GMCSF,CHT,1.008530855178833
PTB_HV01_CHT_GMCSF.fcs,CD4Tcm CCR2+,CD4Tcm,Eu151Di,151Eu_pP38,HV01,GMCSF,CHT,2.794959783554077
PTB_HV01_CHT_GMCSF.fcs,CD4Tcm CCR2+,CD4Tcm,Sm152Di,152Sm_PD1,HV01,GMCSF,CHT,0.9278828501701355
PTB_HV01_CHT_GMCSF.fcs,CD4Tcm CCR2+,CD4Tcm,Eu153Di,153Eu_pSTAT1,HV01,GMCSF,CHT,0
PTB_HV01_CHT_GMCSF.fcs,CD4Tcm CCR2+,CD4Tcm,Sm154Di,154Sm_pSTAT3,HV01,GMCSF,CHT,3.440875768661499
PTB_HV01_CHT_GMCSF.fcs,CD4Tcm CCR2+,CD4Tcm,Gd155Di,155Gd_pS6,HV01,GMCSF,CHT,24.118896484375
PTB_HV01_CHT_GMCSF.fcs,CD4Tcm CCR2+,CD4Tcm,Gd156Di,156Gd_CD44,HV01,GMCSF,CHT,1443.332763671875
PTB_HV01_CHT_GMCSF.fcs,CD4Tcm CCR2+,CD4Tcm,Gd157Di,157Gd_CD36,HV01,GMCSF,CHT,43.46284103393555
PTB_HV01_CHT_GMCSF.fcs,CD4Tcm CCR2+,CD4Tcm,Gd158Di,158Gd_PDL1,HV01,GMCSF,CHT,23.648544311523438
PTB_HV01_CHT_GMCSF.fcs,CD4Tcm CCR2+,CD4Tcm,Tb159Di,159Tb_pMK2,HV01,GMCSF,CHT,15.77745532989502
PTB_HV01_CHT_GMCSF.fcs,CD4Tcm CCR2+,CD4Tcm,Dy163Di,163Dy_GLUT1,HV01,GMCSF,CHT,45.78252410888672
PTB_HV01_CHT_GMCSF.fcs,CD4Tcm CCR2+,CD4Tcm,Er164Di,164Er_IkB,HV01,GMCSF,CHT,19.61219024658203
PTB_HV01_CHT_GMCSF.fcs,CD4Tcm CCR2+,CD4Tcm,Er166Di,166Er_pNFkB,HV01,GMCSF,CHT,36.06303787231445
PTB_HV01_CHT_GMCSF.fcs,CD4Tcm CCR2+,CD4Tcm,Er167Di,167Er_pERK,HV01,GMCSF,CHT,1.9508086442947388
PTB_HV01_CHT_GMCSF.fcs,CD4Tcm CCR2+,CD4Tcm,Er168Di,168Er_pSTAT6,HV01,GMCSF,CHT,0.5644971132278442
PTB_HV01_CHT_GMCSF.fcs,CD4Tcm CCR2+,CD4Tcm,Tm169Di,169Tm_CD25,HV01,GMCSF,CHT,18.86268424987793
PTB_HV01_CHT_GMCSF.fcs,CD4Tcm CCR2+,CD4Tcm,Er170Di,170Er_pPLCg,HV01,GMCSF,CHT,20.138628005981445
PTB_HV01_CHT_GMCSF.fcs,CD4Tcm CCR2+,CD4Tcm,Yb171Di,171Yb_pSTAT4,HV01,GMCSF,CHT,203.4684600830078
PTB_HV01_CHT_GMCSF.fcs,CD4Tcm CCR2+,CD4Tcm,Yb174Di,174Yb_HLADR,HV01,GMCSF,CHT,4.501948833465576
PTB_HV01_CHT_GMCSF.fcs,CD4Tem CCR2+,CD4Tem,Sm149Di,149Sm_pCREB,HV01,GMCSF,CHT,10.984183311462402
PTB_HV01_CHT_GMCSF.fcs,CD4Tem CCR2+,CD4Tem,Nd150Di,150Nd_pSTAT5,HV01,GMCSF,CHT,1.022062599658966
PTB_HV01_CHT_GMCSF.fcs,CD4Tem CCR2+,CD4Tem,Eu151Di,151Eu_pP38,HV01,GMCSF,CHT,2.373848795890808
PTB_HV01_CHT_GMCSF.fcs,CD4Tem CCR2+,CD4Tem,Sm152Di,152Sm_PD1,HV01,GMCSF,CHT,1.7602938413619995
PTB_HV01_CHT_GMCSF.fcs,CD4Tem CCR2+,CD4Tem,Eu153Di,153Eu_pSTAT1,HV01,GMCSF,CHT,0
PTB_HV01_CHT_GMCSF.fcs,CD4Tem CCR2+,CD4Tem,Sm154Di,154Sm_pSTAT3,HV01,GMCSF,CHT,2.139351010322571
PTB_HV01_CHT_GMCSF.fcs,CD4Tem CCR2+,CD4Tem,Gd155Di,155Gd_pS6,HV01,GMCSF,CHT,23.068220138549805
PTB_HV01_CHT_GMCSF.fcs,CD4Tem CCR2+,CD4Tem,Gd156Di,156Gd_CD44,HV01,GMCSF,CHT,1326.703857421875
PTB_HV01_CHT_GMCSF.fcs,CD4Tem CCR2+,CD4Tem,Gd157Di,157Gd_CD36,HV01,GMCSF,CHT,39.11595916748047
PTB_HV01_CHT_GMCSF.fcs,CD4Tem CCR2+,CD4Tem,Gd158Di,158Gd_PDL1,HV01,GMCSF,CHT,21.873793601989746
PTB_HV01_CHT_GMCSF.fcs,CD4Tem CCR2+,CD4Tem,Tb159Di,159Tb_pMK2,HV01,GMCSF,CHT,14.557638168334961
PTB_HV01_CHT_GMCSF.fcs,CD4Tem CCR2+,CD4Tem,Dy163Di,163Dy_GLUT1,HV01,GMCSF,CHT,43.585004806518555
PTB_HV01_CHT_GMCSF.fcs,CD4Tem CCR2+,CD4Tem,Er164Di,164Er_IkB,HV01,GMCSF,CHT,16.02294635772705
PTB_HV01_CHT_GMCSF.fcs,CD4Tem CCR2+,CD4Tem,Er166Di,166Er_pNFkB,HV01,GMCSF,CHT,35.338584899902344
PTB_HV01_CHT_GMCSF.fcs,CD4Tem CCR2+,CD4Tem,Er167Di,167Er_pERK,HV01,GMCSF,CHT,1.6310123801231384
PTB_HV01_CHT_GMCSF.fcs,CD4Tem CCR2+,CD4Tem,Er168Di,168Er_pSTAT6,HV01,GMCSF,CHT,0.44448040425777435
PTB_HV01_CHT_GMCSF.fcs,CD4Tem CCR2+,CD4Tem,Tm169Di,169Tm_CD25,HV01,GMCSF,CHT,11.894001483917236
PTB_HV01_CHT_GMCSF.fcs,CD4Tem CCR2+,CD4Tem,Er170Di,170Er_pPLCg,HV01,GMCSF,CHT,17.4823055267334
PTB_HV01_CHT_GMCSF.fcs,CD4Tem CCR2+,CD4Tem,Yb171Di,171Yb_pSTAT4,HV01,GMCSF,CHT,175.7985610961914
PTB_HV01_CHT_GMCSF.fcs,CD4Tem CCR2+,CD4Tem,Yb174Di,174Yb_HLADR,HV01,GMCSF,CHT,3.924378514289856
PTB_HV01_CHT_GMCSF.fcs,CD8Tcm CCR2+,CD8Tcm,Sm149Di,149Sm_pCREB,HV01,GMCSF,CHT,14.101702690124512
PTB_HV01_CHT_GMCSF.fcs,CD8Tcm CCR2+,CD8Tcm,Nd150Di,150Nd_pSTAT5,HV01,GMCSF,CHT,1.3375517129898071
PTB_HV01_CHT_GMCSF.fcs,CD8Tcm CCR2+,CD8Tcm,Eu151Di,151Eu_pP38,HV01,GMCSF,CHT,2.7901687622070312
PTB_HV01_CHT_GMCSF.fcs,CD8Tcm CCR2+,CD8Tcm,Sm152Di,152Sm_PD1,HV01,GMCSF,CHT,1.1674898862838745
PTB_HV01_CHT_GMCSF.fcs,CD8Tcm CCR2+,CD8Tcm,Eu153Di,153Eu_pSTAT1,HV01,GMCSF,CHT,0
PTB_HV01_CHT_GMCSF.fcs,CD8Tcm CCR2+,CD8Tcm,Sm154Di,154Sm_pSTAT3,HV01,GMCSF,CHT,1.8344216346740723
PTB_HV01_CHT_GMCSF.fcs,CD8Tcm CCR2+,CD8Tcm,Gd155Di,155Gd_pS6,HV01,GMCSF,CHT,24.10634994506836
PTB_HV01_CHT_GMCSF.fcs,CD8Tcm CCR2+,CD8Tcm,Gd156Di,156Gd_CD44,HV01,GMCSF,CHT,1329.8804931640625
PTB_HV01_CHT_GMCSF.fcs,CD8Tcm CCR2+,CD8Tcm,Gd157Di,157Gd_CD36,HV01,GMCSF,CHT,42.256710052490234
PTB_HV01_CHT_GMCSF.fcs,CD8Tcm CCR2+,CD8Tcm,Gd158Di,158Gd_PDL1,HV01,GMCSF,CHT,21.631072998046875
PTB_HV01_CHT_GMCSF.fcs,CD8Tcm CCR2+,CD8Tcm,Tb159Di,159Tb_pMK2,HV01,GMCSF,CHT,15.117634773254395
PTB_HV01_CHT_GMCSF.fcs,CD8Tcm CCR2+,CD8Tcm,Dy163Di,163Dy_GLUT1,HV01,GMCSF,CHT,47.03104782104492
PTB_HV01_CHT_GMCSF.fcs,CD8Tcm CCR2+,CD8Tcm,Er164Di,164Er_IkB,HV01,GMCSF,CHT,16.89212989807129
PTB_HV01_CHT_GMCSF.fcs,CD8Tcm CCR2+,CD8Tcm,Er166Di,166Er_pNFkB,HV01,GMCSF,CHT,40.66043472290039
PTB_HV01_CHT_GMCSF.fcs,CD8Tcm CCR2+,CD8Tcm,Er167Di,167Er_pERK,HV01,GMCSF,CHT,2.020312786102295
PTB_HV01_CHT_GMCSF.fcs,CD8Tcm CCR2+,CD8Tcm,Er168Di,168Er_pSTAT6,HV01,GMCSF,CHT,0.3464979827404022
PTB_HV01_CHT_GMCSF.fcs,CD8Tcm CCR2+,CD8Tcm,Tm169Di,169Tm_CD25,HV01,GMCSF,CHT,5.851204872131348
PTB_HV01_CHT_GMCSF.fcs,CD8Tcm CCR2+,CD8Tcm,Er170Di,170Er_pPLCg,HV01,GMCSF,CHT,17.447032928466797
PTB_HV01_CHT_GMCSF.fcs,CD8Tcm CCR2+,CD8Tcm,Yb171Di,171Yb_pSTAT4,HV01,GMCSF,CHT,169.65745544433594
PTB_HV01_CHT_GMCSF.fcs,CD8Tcm CCR2+,CD8Tcm,Yb174Di,174Yb_HLADR,HV01,GMCSF,CHT,4.470089912414551
PTB_HV01_CHT_GMCSF.fcs,CD8Tem CCR2+,CD8Tem,Sm149Di,149Sm_pCREB,HV01,GMCSF,CHT,19.37626838684082
PTB_HV01_CHT_GMCSF.fcs,CD8Tem CCR2+,CD8Tem,Nd150Di,150Nd_pSTAT5,HV01,GMCSF,CHT,1.0461280345916748
PTB_HV01_CHT_GMCSF.fcs,CD8Tem CCR2+,CD8Tem,Eu151Di,151Eu_pP38,HV01,GMCSF,CHT,2.158935070037842
PTB_HV01_CHT_GMCSF.fcs,CD8Tem CCR2+,CD8Tem,Sm152Di,152Sm_PD1,HV01,GMCSF,CHT,1.92429518699646
PTB_HV01_CHT_GMCSF.fcs,CD8Tem CCR2+,CD8Tem,Eu153Di,153Eu_pSTAT1,HV01,GMCSF,CHT,0
PTB_HV01_CHT_GMCSF.fcs,CD8Tem CCR2+,CD8Tem,Sm154Di,154Sm_pSTAT3,HV01,GMCSF,CHT,1.20712411403656
PTB_HV01_CHT_GMCSF.fcs,CD8Tem CCR2+,CD8Tem,Gd155Di,155Gd_pS6,HV01,GMCSF,CHT,23.236804962158203
PTB_HV01_CHT_GMCSF.fcs,CD8Tem CCR2+,CD8Tem,Gd156Di,156Gd_CD44,HV01,GMCSF,CHT,1194.677978515625
PTB_HV01_CHT_GMCSF.fcs,CD8Tem CCR2+,CD8Tem,Gd157Di,157Gd_CD36,HV01,GMCSF,CHT,37.71974563598633
PTB_HV01_CHT_GMCSF.fcs,CD8Tem CCR2+,CD8Tem,Gd158Di,158Gd_PDL1,HV01,GMCSF,CHT,18.530437469482422
PTB_HV01_CHT_GMCSF.fcs,CD8Tem CCR2+,CD8Tem,Tb159Di,159Tb_pMK2,HV01,GMCSF,CHT,14.635102272033691
PTB_HV01_CHT_GMCSF.fcs,CD8Tem CCR2+,CD8Tem,Dy163Di,163Dy_GLUT1,HV01,GMCSF,CHT,47.55176544189453
PTB_HV01_CHT_GMCSF.fcs,CD8Tem CCR2+,CD8Tem,Er164Di,164Er_IkB,HV01,GMCSF,CHT,13.3540678024292
PTB_HV01_CHT_GMCSF.fcs,CD8Tem CCR2+,CD8Tem,Er166Di,166Er_pNFkB,HV01,GMCSF,CHT,42.7528076171875
PTB_HV01_CHT_GMCSF.fcs,CD8Tem CCR2+,CD8Tem,Er167Di,167Er_pERK,HV01,GMCSF,CHT,1.6745036840438843
PTB_HV01_CHT_GMCSF.fcs,CD8Tem CCR2+,CD8Tem,Er168Di,168Er_pSTAT6,HV01,GMCSF,CHT,0.2508993148803711
PTB_HV01_CHT_GMCSF.fcs,CD8Tem CCR2+,CD8Tem,Tm169Di,169Tm_CD25,HV01,GMCSF,CHT,2.1101090908050537
PTB_HV01_CHT_GMCSF.fcs,CD8Tem CCR2+,CD8Tem,Er170Di,170Er_pPLCg,HV01,GMCSF,CHT,15.086252212524414
PTB_HV01_CHT_GMCSF.fcs,CD8Tem CCR2+,CD8Tem,Yb171Di,171Yb_pSTAT4,HV01,GMCSF,CHT,119.79124450683594
PTB_HV01_CHT_GMCSF.fcs,CD8Tem CCR2+,CD8Tem,Yb174Di,174Yb_HLADR,HV01,GMCSF,CHT,4.1032819747924805
PTB_HV01_CHT_GMCSF.fcs,CD8Tcells Th1,CD8Tcells,Sm149Di,149Sm_pCREB,HV01,GMCSF,CHT,9.440230369567871
PTB_HV01_CHT_GMCSF.fcs,CD8Tcells Th1,CD8Tcells,Nd150Di,150Nd_pSTAT5,HV01,GMCSF,CHT,1.1529617309570312
PTB_HV01_CHT_GMCSF.fcs,CD8Tcells Th1,CD8Tcells,Eu151Di,151Eu_pP38,HV01,GMCSF,CHT,2.6768784523010254
PTB_HV01_CHT_GMCSF.fcs,CD8Tcells Th1,CD8Tcells,Sm152Di,152Sm_PD1,HV01,GMCSF,CHT,0.9861968755722046
PTB_HV01_CHT_GMCSF.fcs,CD8Tcells Th1,CD8Tcells,Eu153Di,153Eu_pSTAT1,HV01,GMCSF,CHT,0
PTB_HV01_CHT_GMCSF.fcs,CD8Tcells Th1,CD8Tcells,Sm154Di,154Sm_pSTAT3,HV01,GMCSF,CHT,0.8514516949653625
PTB_HV01_CHT_GMCSF.fcs,CD8Tcells Th1,CD8Tcells,Gd155Di,155Gd_pS6,HV01,GMCSF,CHT,22.60387420654297
PTB_HV01_CHT_GMCSF.fcs,CD8Tcells Th1,CD8Tcells,Gd156Di,156Gd_CD44,HV01,GMCSF,CHT,868.0924072265625
PTB_HV01_CHT_GMCSF.fcs,CD8Tcells Th1,CD8Tcells,Gd157Di,157Gd_CD36,HV01,GMCSF,CHT,28.776290893554688
PTB_HV01_CHT_GMCSF.fcs,CD8Tcells Th1,CD8Tcells,Gd158Di,158Gd_PDL1,HV01,GMCSF,CHT,16.0718994140625
PTB_HV01_CHT_GMCSF.fcs,CD8Tcells Th1,CD8Tcells,Tb159Di,159Tb_pMK2,HV01,GMCSF,CHT,18.517658233642578
PTB_HV01_CHT_GMCSF.fcs,CD8Tcells Th1,CD8Tcells,Dy163Di,163Dy_GLUT1,HV01,GMCSF,CHT,73.47783660888672
PTB_HV01_CHT_GMCSF.fcs,CD8Tcells Th1,CD8Tcells,Er164Di,164Er_IkB,HV01,GMCSF,CHT,10.32724380493164
PTB_HV01_CHT_GMCSF.fcs,CD8Tcells Th1,CD8Tcells,Er166Di,166Er_pNFkB,HV01,GMCSF,CHT,38.542118072509766
PTB_HV01_CHT_GMCSF.fcs,CD8Tcells Th1,CD8Tcells,Er167Di,167Er_pERK,HV01,GMCSF,CHT,1.6376460790634155
PTB_HV01_CHT_GMCSF.fcs,CD8Tcells Th1,CD8Tcells,Er168Di,168Er_pSTAT6,HV01,GMCSF,CHT,0.32173484563827515
PTB_HV01_CHT_GMCSF.fcs,CD8Tcells Th1,CD8Tcells,Tm169Di,169Tm_CD25,HV01,GMCSF,CHT,1.1522953510284424
PTB_HV01_CHT_GMCSF.fcs,CD8Tcells Th1,CD8Tcells,Er170Di,170Er_pPLCg,HV01,GMCSF,CHT,17.620262145996094
PTB_HV01_CHT_GMCSF.fcs,CD8Tcells Th1,CD8Tcells,Yb171Di,171Yb_pSTAT4,HV01,GMCSF,CHT,178.43670654296875
PTB_HV01_CHT_GMCSF.fcs,CD8Tcells Th1,CD8Tcells,Yb174Di,174Yb_HLADR,HV01,GMCSF,CHT,3.911691427230835